Date,Bitcoin Price
1/1/2011,0.3
1/2/2011,0.3
1/3/2011,0.3
1/4/2011,0.3
1/5/2011,0.3
1/6/2011,0.3
1/7/2011,0.3
1/8/2011,0.32
1/9/2011,0.32
1/10/2011,0.32
1/11/2011,0.33
1/12/2011,0.33
1/13/2011,0.33
1/14/2011,0.34
1/15/2011,0.4
1/16/2011,0.39
1/17/2011,0.39
1/18/2011,0.35
1/19/2011,0.32
1/20/2011,0.31
1/21/2011,0.37
1/22/2011,0.41
1/23/2011,0.44
1/24/2011,0.44
1/25/2011,0.42
1/26/2011,0.42
1/27/2011,0.42
1/28/2011,0.43
1/29/2011,0.44
1/30/2011,0.44
1/31/2011,0.47
2/1/2011,0.52
2/2/2011,0.72
2/3/2011,0.72
2/4/2011,0.7
2/5/2011,0.81
2/6/2011,0.89
2/7/2011,0.89
2/8/2011,0.88
2/9/2011,0.91
2/10/2011,1.03
2/11/2011,0.97
2/12/2011,1.03
2/13/2011,1.07
2/14/2011,1.05
2/15/2011,1.07
2/16/2011,1.05
2/17/2011,1.05
2/18/2011,1.04
2/19/2011,0.9
2/20/2011,0.93
2/21/2011,0.85
2/22/2011,0.84
2/23/2011,0.87
2/24/2011,0.9
2/25/2011,0.98
2/26/2011,0.94
2/27/2011,0.95
2/28/2011,0.91
3/1/2011,0.87
3/2/2011,0.94
3/3/2011,0.93
3/4/2011,0.93
3/5/2011,0.91
3/6/2011,0.9
3/7/2011,0.87
3/8/2011,0.89
3/9/2011,0.87
3/10/2011,0.86
3/11/2011,0.91
3/12/2011,0.89
3/13/2011,0.91
3/14/2011,0.9
3/15/2011,0.89
3/16/2011,0.87
3/17/2011,0.86
3/18/2011,0.84
3/19/2011,0.8
3/20/2011,0.77
3/21/2011,0.76
3/22/2011,0.75
3/23/2011,0.8
3/24/2011,0.84
3/25/2011,0.87
3/26/2011,0.88
3/27/2011,0.87
3/28/2011,0.83
3/29/2011,0.81
3/30/2011,0.79
3/31/2011,0.79
4/1/2011,0.78
4/2/2011,0.78
4/3/2011,0.78
4/4/2011,0.78
4/5/2011,0.69
4/6/2011,0.69
4/7/2011,0.73
4/8/2011,0.75
4/9/2011,0.75
4/10/2011,0.74
4/11/2011,0.74
4/12/2011,0.77
4/13/2011,0.86
4/14/2011,0.93
4/15/2011,0.98
4/16/2011,1
4/17/2011,1.05
4/18/2011,1.1
4/19/2011,1.16
4/20/2011,1.19
4/21/2011,1.15
4/22/2011,1.2
4/23/2011,1.35
4/24/2011,1.62
4/25/2011,1.65
4/26/2011,1.57
4/27/2011,1.73
4/28/2011,1.9
4/29/2011,2.12
4/30/2011,2.74
5/1/2011,3.4
5/2/2011,3.09
5/3/2011,3.22
5/4/2011,3.37
5/5/2011,3.43
5/6/2011,3.37
5/7/2011,3.47
5/8/2011,3.63
5/9/2011,3.82
5/10/2011,3.8
5/11/2011,5.28
5/12/2011,5.43
5/13/2011,6.07
5/14/2011,7.84
5/15/2011,7.53
5/16/2011,6.87
5/17/2011,7.9
5/18/2011,7.35
5/19/2011,7.01
5/20/2011,6.88
5/21/2011,5.94
5/22/2011,6.05
5/23/2011,6.58
5/24/2011,7.13
5/25/2011,7.33
5/26/2011,8.19
5/27/2011,8.68
5/28/2011,8.59
5/29/2011,8.38
5/30/2011,8.37
5/31/2011,8.76
6/1/2011,8.81
6/2/2011,9.39
6/3/2011,10.36
6/4/2011,13.69
6/5/2011,17.65
6/6/2011,17.01
6/7/2011,18.51
6/8/2011,21.91
6/9/2011,28.43
6/10/2011,29.25
6/11/2011,24.31
6/12/2011,16.13
6/13/2011,17.38
6/14/2011,19.98
6/15/2011,19.26
6/16/2011,19.59
6/17/2011,17.93
6/18/2011,15.6
6/19/2011,16.46
6/20/2011,17.64
6/21/2011,17.51
6/22/2011,17.51
6/23/2011,17.51
6/24/2011,17.51
6/25/2011,17.51
6/26/2011,17.51
6/27/2011,16.02
6/28/2011,16.88
6/29/2011,16.94
6/30/2011,16.86
7/1/2011,16.31
7/2/2011,15.65
7/3/2011,15.47
7/4/2011,15.46
7/5/2011,14.17
7/6/2011,12.86
7/7/2011,14.79
7/8/2011,14.97
7/9/2011,14.33
7/10/2011,14.39
7/11/2011,14.99
7/12/2011,14.29
7/13/2011,14.08
7/14/2011,13.99
7/15/2011,13.96
7/16/2011,13.85
7/17/2011,13.67
7/18/2011,13.25
7/19/2011,13.26
7/20/2011,13.95
7/21/2011,13.69
7/22/2011,13.64
7/23/2011,13.68
7/24/2011,13.66
7/25/2011,13.92
7/26/2011,14.13
7/27/2011,13.9
7/28/2011,13.95
7/29/2011,13.55
7/30/2011,13.51
7/31/2011,13.53
8/1/2011,13.44
8/2/2011,13.13
8/3/2011,12.22
8/4/2011,9.86
8/5/2011,10.67
8/6/2011,10.04
8/7/2011,7.19
8/8/2011,7.81
8/9/2011,7.77
8/10/2011,9.86
8/11/2011,9.99
8/12/2011,9.47
8/13/2011,9.39
8/14/2011,9.97
8/15/2011,10.71
8/16/2011,11.23
8/17/2011,11.01
8/18/2011,10.92
8/19/2011,10.87
8/20/2011,11.53
8/21/2011,11.47
8/22/2011,11.35
8/23/2011,10.97
8/24/2011,10.99
8/25/2011,10.9
8/26/2011,9.84
8/27/2011,8.42
8/28/2011,8.61
8/29/2011,9.02
8/30/2011,8.95
8/31/2011,8.79
9/1/2011,8.27
9/2/2011,8.22
9/3/2011,8.54
9/4/2011,8.51
9/5/2011,8.18
9/6/2011,7.62
9/7/2011,6.8
9/8/2011,7.11
9/9/2011,6.67
9/10/2011,5.17
9/11/2011,4.9
9/12/2011,5.96
9/13/2011,6.06
9/14/2011,5.8
9/15/2011,5.59
9/16/2011,4.91
9/17/2011,4.82
9/18/2011,4.77
9/19/2011,5.16
9/20/2011,5.36
9/21/2011,6.11
9/22/2011,5.62
9/23/2011,5.46
9/24/2011,5.57
9/25/2011,5.44
9/26/2011,5.33
9/27/2011,4.91
9/28/2011,4.88
9/29/2011,4.76
9/30/2011,4.74
10/1/2011,5.08
10/2/2011,5.04
10/3/2011,5.01
10/4/2011,4.98
10/5/2011,4.93
10/6/2011,4.87
10/7/2011,4.71
10/8/2011,4.28
10/9/2011,4.02
10/10/2011,4.15
10/11/2011,4.1
10/12/2011,3.94
10/13/2011,4.11
10/14/2011,4.07
10/15/2011,4
10/16/2011,3.87
10/17/2011,3.6
10/18/2011,2.71
10/19/2011,2.52
10/20/2011,2.28
10/21/2011,2.33
10/22/2011,2.56
10/23/2011,3.09
10/24/2011,3.13
10/25/2011,2.68
10/26/2011,2.76
10/27/2011,2.76
10/28/2011,2.98
10/29/2011,3.15
10/30/2011,3.56
10/31/2011,3.33
11/1/2011,3.22
11/2/2011,3.17
11/3/2011,3.24
11/4/2011,3.18
11/5/2011,3.12
11/6/2011,2.99
11/7/2011,2.96
11/8/2011,3.01
11/9/2011,3.07
11/10/2011,2.98
11/11/2011,2.86
11/12/2011,3.03
11/13/2011,3.05
11/14/2011,3
11/15/2011,2.37
11/16/2011,2.32
11/17/2011,2.51
11/18/2011,2.24
11/19/2011,2.09
11/20/2011,2.19
11/21/2011,2.24
11/22/2011,2.26
11/23/2011,2.32
11/24/2011,2.33
11/25/2011,2.43
11/26/2011,2.49
11/27/2011,2.48
11/28/2011,2.47
11/29/2011,2.53
11/30/2011,2.77
12/1/2011,2.94
12/2/2011,3.06
12/3/2011,3.11
12/4/2011,2.86
12/5/2011,2.79
12/6/2011,2.88
12/7/2011,3.01
12/8/2011,3
12/9/2011,2.97
12/10/2011,2.98
12/11/2011,3.05
12/12/2011,3.23
12/13/2011,3.16
12/14/2011,3.23
12/15/2011,3.13
12/16/2011,3.19
12/17/2011,3.19
12/18/2011,3.2
12/19/2011,3.2
12/20/2011,3.47
12/21/2011,3.96
12/22/2011,3.91
12/23/2011,3.84
12/24/2011,3.93
12/25/2011,3.93
12/26/2011,4.18
12/27/2011,4.03
12/28/2011,4.05
12/29/2011,4.17
12/30/2011,4.19
12/31/2011,4.22
1/1/2012,4.66
1/2/2012,5.21
1/3/2012,5.22
1/4/2012,4.89
1/5/2012,5.41
1/6/2012,6.48
1/7/2012,6.72
1/8/2012,6.76
1/9/2012,7.08
1/10/2012,6.33
1/11/2012,6.4
1/12/2012,6.85
1/13/2012,6.76
1/14/2012,6.52
1/15/2012,6.7
1/16/2012,6.95
1/17/2012,6.71
1/18/2012,5.99
1/19/2012,5.93
1/20/2012,6.23
1/21/2012,6.47
1/22/2012,6.25
1/23/2012,6.32
1/24/2012,6.32
1/25/2012,6.31
1/26/2012,5.8
1/27/2012,5.51
1/28/2012,5.29
1/29/2012,5.62
1/30/2012,5.42
1/31/2012,5.5
2/1/2012,5.52
2/2/2012,5.85
2/3/2012,6.07
2/4/2012,5.95
2/5/2012,5.83
2/6/2012,5.65
2/7/2012,5.55
2/8/2012,5.67
2/9/2012,5.61
2/10/2012,5.7
2/11/2012,5.89
2/12/2012,5.65
2/13/2012,5.55
2/14/2012,5.34
2/15/2012,4.55
2/16/2012,4.46
2/17/2012,4.23
2/18/2012,4.43
2/19/2012,4.24
2/20/2012,4.44
2/21/2012,4.36
2/22/2012,4.3
2/23/2012,4.45
2/24/2012,4.95
2/25/2012,4.96
2/26/2012,4.82
2/27/2012,4.96
2/28/2012,4.95
2/29/2012,4.86
3/1/2012,4.79
3/2/2012,4.93
3/3/2012,4.7
3/4/2012,4.64
3/5/2012,4.82
3/6/2012,4.94
3/7/2012,4.97
3/8/2012,4.92
3/9/2012,4.9
3/10/2012,4.88
3/11/2012,4.89
3/12/2012,4.89
3/13/2012,4.88
3/14/2012,5.22
3/15/2012,5.37
3/16/2012,5.26
3/17/2012,5.34
3/18/2012,5.29
3/19/2012,5.24
3/20/2012,4.81
3/21/2012,4.77
3/22/2012,4.8
3/23/2012,4.74
3/24/2012,4.69
3/25/2012,4.66
3/26/2012,4.58
3/27/2012,4.63
3/28/2012,4.72
3/29/2012,4.79
3/30/2012,4.77
3/31/2012,4.83
4/1/2012,4.89
4/2/2012,4.79
4/3/2012,4.94
4/4/2012,4.91
4/5/2012,4.89
4/6/2012,4.91
4/7/2012,4.95
4/8/2012,4.74
4/9/2012,4.76
4/10/2012,4.82
4/11/2012,4.81
4/12/2012,4.9
4/13/2012,4.88
4/14/2012,4.89
4/15/2012,4.97
4/16/2012,4.93
4/17/2012,4.91
4/18/2012,4.96
4/19/2012,5.1
4/20/2012,5.14
4/21/2012,5.27
4/22/2012,5.26
4/23/2012,5.18
4/24/2012,5.07
4/25/2012,5.07
4/26/2012,5.12
4/27/2012,5.08
4/28/2012,5.09
4/29/2012,4.96
4/30/2012,4.95
5/1/2012,4.95
5/2/2012,4.97
5/3/2012,5.06
5/4/2012,5.1
5/5/2012,5.08
5/6/2012,5.04
5/7/2012,5.04
5/8/2012,5.05
5/9/2012,5.03
5/10/2012,5.01
5/11/2012,4.92
5/12/2012,4.93
5/13/2012,4.94
5/14/2012,4.94
5/15/2012,5.01
5/16/2012,5
5/17/2012,5.08
5/18/2012,5.08
5/19/2012,5.11
5/20/2012,5.09
5/21/2012,5.1
5/22/2012,5.08
5/23/2012,5.08
5/24/2012,5.11
5/25/2012,5.12
5/26/2012,5.11
5/27/2012,5.09
5/28/2012,5.1
5/29/2012,5.12
5/30/2012,5.14
5/31/2012,5.14
6/1/2012,5.16
6/2/2012,5.25
6/3/2012,5.22
6/4/2012,5.26
6/5/2012,5.24
6/6/2012,5.41
6/7/2012,5.44
6/8/2012,5.53
6/9/2012,5.61
6/10/2012,5.56
6/11/2012,5.46
6/12/2012,5.52
6/13/2012,5.67
6/14/2012,5.97
6/15/2012,5.91
6/16/2012,6.25
6/17/2012,6.42
6/18/2012,6.24
6/19/2012,6.36
6/20/2012,6.46
6/21/2012,6.63
6/22/2012,6.66
6/23/2012,6.57
6/24/2012,6.43
6/25/2012,6.35
6/26/2012,6.3
6/27/2012,6.39
6/28/2012,6.58
6/29/2012,6.59
6/30/2012,6.61
7/1/2012,6.67
7/2/2012,6.6
7/3/2012,6.72
7/4/2012,6.53
7/5/2012,6.5
7/6/2012,6.66
7/7/2012,6.65
7/8/2012,6.76
7/9/2012,6.88
7/10/2012,6.88
7/11/2012,7.12
7/12/2012,7.12
7/13/2012,7.43
7/14/2012,7.74
7/15/2012,7.57
7/16/2012,7.57
7/17/2012,8.22
7/18/2012,8.55
7/19/2012,8.97
7/20/2012,9.02
7/21/2012,8.41
7/22/2012,8.86
7/23/2012,8.51
7/24/2012,8.58
7/25/2012,8.61
7/26/2012,8.64
7/27/2012,8.82
7/28/2012,8.88
7/29/2012,8.97
7/30/2012,8.74
7/31/2012,9.01
8/1/2012,9.29
8/2/2012,9.45
8/3/2012,10.36
8/4/2012,10.89
8/5/2012,10.99
8/6/2012,10.64
8/7/2012,10.86
8/8/2012,11.03
8/9/2012,11.04
8/10/2012,11.22
8/11/2012,11.39
8/12/2012,11.5
8/13/2012,11.93
8/14/2012,11.82
8/15/2012,12.07
8/16/2012,12.88
8/17/2012,13.35
8/18/2012,11.97
8/19/2012,11.73
8/20/2012,8.41
8/21/2012,9.75
8/22/2012,10.02
8/23/2012,10.06
8/24/2012,10.05
8/25/2012,10.41
8/26/2012,10.48
8/27/2012,10.57
8/28/2012,10.9
8/29/2012,10.94
8/30/2012,10.86
8/31/2012,10.76
9/1/2012,10.15
9/2/2012,10.1
9/3/2012,10.13
9/4/2012,10.42
9/5/2012,10.34
9/6/2012,10.79
9/7/2012,11.04
9/8/2012,11.08
9/9/2012,11.01
9/10/2012,11.02
9/11/2012,11.1
9/12/2012,11.27
9/13/2012,11.29
9/14/2012,11.36
9/15/2012,11.63
9/16/2012,11.71
9/17/2012,11.94
9/18/2012,11.88
9/19/2012,12.12
9/20/2012,12.5
9/21/2012,12.41
9/22/2012,12.26
9/23/2012,12.21
9/24/2012,12.09
9/25/2012,12.09
9/26/2012,12.13
9/27/2012,12.25
9/28/2012,12.3
9/29/2012,12.35
9/30/2012,12.38
10/1/2012,12.38
10/2/2012,12.41
10/3/2012,12.66
10/4/2012,12.8
10/5/2012,12.84
10/6/2012,12.71
10/7/2012,12.37
10/8/2012,11.88
10/9/2012,11.49
10/10/2012,11.93
10/11/2012,12.07
10/12/2012,11.97
10/13/2012,12.01
10/14/2012,11.85
10/15/2012,11.82
10/16/2012,11.76
10/17/2012,11.78
10/18/2012,11.84
10/19/2012,11.88
10/20/2012,11.72
10/21/2012,11.7
10/22/2012,11.53
10/23/2012,11.67
10/24/2012,11.69
10/25/2012,11.64
10/26/2012,10.91
10/27/2012,10.27
10/28/2012,10.35
10/29/2012,10.58
10/30/2012,10.59
10/31/2012,10.75
11/1/2012,10.95
11/2/2012,10.82
11/3/2012,10.5
11/4/2012,10.54
11/5/2012,10.6
11/6/2012,10.7
11/7/2012,10.82
11/8/2012,10.92
11/9/2012,10.9
11/10/2012,10.81
11/11/2012,10.86
11/12/2012,10.75
11/13/2012,10.96
11/14/2012,10.94
11/15/2012,10.93
11/16/2012,11.23
11/17/2012,11.6
11/18/2012,11.7
11/19/2012,11.67
11/20/2012,11.74
11/21/2012,11.81
11/22/2012,11.72
11/23/2012,12.15
11/24/2012,12.3
11/25/2012,12.38
11/26/2012,12.43
11/27/2012,12.34
11/28/2012,12.13
11/29/2012,12.28
11/30/2012,12.42
12/1/2012,12.59
12/2/2012,12.54
12/3/2012,12.52
12/4/2012,12.58
12/5/2012,13.15
12/6/2012,13.32
12/7/2012,13.41
12/8/2012,13.42
12/9/2012,13.42
12/10/2012,13.3
12/11/2012,13.44
12/12/2012,13.52
12/13/2012,13.64
12/14/2012,13.67
12/15/2012,13.5
12/16/2012,13.47
12/17/2012,13.33
12/18/2012,13.24
12/19/2012,13.24
12/20/2012,13.43
12/21/2012,13.42
12/22/2012,13.46
12/23/2012,13.34
12/24/2012,13.24
12/25/2012,13.37
12/26/2012,13.33
12/27/2012,13.36
12/28/2012,13.35
12/29/2012,13.39
12/30/2012,13.44
12/31/2012,13.41
1/1/2013,13.46
1/2/2013,13.25
1/3/2013,13.28
1/4/2013,13.33
1/5/2013,13.46
1/6/2013,13.4
1/7/2013,13.45
1/8/2013,13.5
1/9/2013,13.71
1/10/2013,13.81
1/11/2013,14.08
1/12/2013,14.14
1/13/2013,14.19
1/14/2013,14.08
1/15/2013,14.44
1/16/2013,14.23
1/17/2013,14.62
1/18/2013,15.34
1/19/2013,15.65
1/20/2013,15.9
1/21/2013,15.66
1/22/2013,16.58
1/23/2013,17.23
1/24/2013,17.36
1/25/2013,17.33
1/26/2013,17.09
1/27/2013,17.42
1/28/2013,17.7
1/29/2013,18.51
1/30/2013,19.52
1/31/2013,19.59
2/1/2013,20.63
2/2/2013,20.67
2/3/2013,19.59
2/4/2013,20.64
2/5/2013,20.37
2/6/2013,20.56
2/7/2013,21.12
2/8/2013,21.88
2/9/2013,22.99
2/10/2013,23.5
2/11/2013,23.64
2/12/2013,24.32
2/13/2013,25.24
2/14/2013,25.5
2/15/2013,26.5
2/16/2013,27.01
2/17/2013,27.17
2/18/2013,26.54
2/19/2013,27.51
2/20/2013,28.96
2/21/2013,29.6
2/22/2013,29.75
2/23/2013,30.42
2/24/2013,29.73
2/25/2013,29.81
2/26/2013,30.25
2/27/2013,31.02
2/28/2013,31.13
3/1/2013,33.56
3/2/2013,34.36
3/3/2013,33.99
3/4/2013,34.2
3/5/2013,35.71
3/6/2013,41.1
3/7/2013,44.04
3/8/2013,41.79
3/9/2013,43.58
3/10/2013,46.05
3/11/2013,46.3
3/12/2013,47.83
3/13/2013,44.23
3/14/2013,46.59
3/15/2013,47
3/16/2013,47.95
3/17/2013,46.78
3/18/2013,47.09
3/19/2013,49.64
3/20/2013,57.1
3/21/2013,64.85
3/22/2013,70.31
3/23/2013,70.35
3/24/2013,63.08
3/25/2013,70.32
3/26/2013,77.64
3/27/2013,77.76
3/28/2013,87.1
3/29/2013,88.26
3/30/2013,89.49
3/31/2013,97.38
4/1/2013,92.69
4/2/2013,101.88
4/3/2013,112.04
4/4/2013,130.42
4/5/2013,140.22
4/6/2013,140.78
4/7/2013,141.56
4/8/2013,157.81
4/9/2013,184.48
4/10/2013,198.5
4/11/2013,165.09
4/12/2013,112.62
4/13/2013,95.84
4/14/2013,100.49
4/15/2013,93.41
4/16/2013,86.21
4/17/2013,67.27
4/18/2013,88.87
4/19/2013,100.95
4/20/2013,120.32
4/21/2013,124.55
4/22/2013,118.26
4/23/2013,124.42
4/24/2013,137.42
4/25/2013,146.94
4/26/2013,143.28
4/27/2013,133.92
4/28/2013,128.67
4/29/2013,133.23
4/30/2013,134.83
5/1/2013,138.17
5/2/2013,117.34
5/3/2013,105.81
5/4/2013,93.84
5/5/2013,110.8
5/6/2013,115.28
5/7/2013,115.65
5/8/2013,107.6
5/9/2013,113.15
5/10/2013,112.89
5/11/2013,117.48
5/12/2013,115.26
5/13/2013,114.32
5/14/2013,117.14
5/15/2013,114.07
5/16/2013,111.01
5/17/2013,115.66
5/18/2013,121.59
5/19/2013,121.86
5/20/2013,120.41
5/21/2013,120.86
5/22/2013,121.36
5/23/2013,121.56
5/24/2013,124.69
5/25/2013,130.38
5/26/2013,130.92
5/27/2013,133.39
5/28/2013,128.8
5/29/2013,127.99
5/30/2013,129.27
5/31/2013,128.86
6/1/2013,128.15
6/2/2013,128.54
6/3/2013,121.84
6/4/2013,119.15
6/5/2013,120.85
6/6/2013,121.64
6/7/2013,119.39
6/8/2013,111.63
6/9/2013,107.59
6/10/2013,99.48
6/11/2013,105.19
6/12/2013,107.77
6/13/2013,108.67
6/14/2013,104.43
6/15/2013,100.34
6/16/2013,100.2
6/17/2013,99.85
6/18/2013,101.21
6/19/2013,106.34
6/20/2013,107.36
6/21/2013,110.7
6/22/2013,108.23
6/23/2013,106.33
6/24/2013,103.5
6/25/2013,101.44
6/26/2013,102.97
6/27/2013,102.69
6/28/2013,100.94
6/29/2013,93.1
6/30/2013,94.75
7/1/2013,95.29
7/2/2013,87.39
7/3/2013,88.04
7/4/2013,78.25
7/5/2013,78.38
7/6/2013,68.04
7/7/2013,68.04
7/8/2013,71.14
7/9/2013,77.79
7/10/2013,74.74
7/11/2013,82.19
7/12/2013,88.26
7/13/2013,92
7/14/2013,91.74
7/15/2013,92.38
7/16/2013,95.28
7/17/2013,93.63
7/18/2013,92.63
7/19/2013,87.31
7/20/2013,88.99
7/21/2013,87.88
7/22/2013,86.79
7/23/2013,87.26
7/24/2013,89.17
7/25/2013,90.06
7/26/2013,91.57
7/27/2013,92.28
7/28/2013,91.22
7/29/2013,95.32
7/30/2013,96.25
7/31/2013,97.72
8/1/2013,101.28
8/2/2013,99.08
8/3/2013,99.01
8/4/2013,98.75
8/5/2013,99.58
8/6/2013,99.4
8/7/2013,100.61
8/8/2013,98.03
8/9/2013,96.81
8/10/2013,95.37
8/11/2013,95.48
8/12/2013,98.03
8/13/2013,99.54
8/14/2013,101.2
8/15/2013,104
8/16/2013,102.32
8/17/2013,101.2
8/18/2013,104.21
8/19/2013,104.52
8/20/2013,108.11
8/21/2013,111.43
8/22/2013,113.84
8/23/2013,112.92
8/24/2013,111.21
8/25/2013,112.55
8/26/2013,113.13
8/27/2013,114.43
8/28/2013,122.06
8/29/2013,121.7
8/30/2013,120.57
8/31/2013,127.83
9/1/2013,134.31
9/2/2013,131.89
9/3/2013,132.11
9/4/2013,132.48
9/5/2013,126.74
9/6/2013,122.25
9/7/2013,120.79
9/8/2013,120.98
9/9/2013,121.07
9/10/2013,124.93
9/11/2013,126.57
9/12/2013,129
9/13/2013,130.6
9/14/2013,129.69
9/15/2013,127.37
9/16/2013,128.29
9/17/2013,127.87
9/18/2013,129.67
9/19/2013,129.39
9/20/2013,127.23
9/21/2013,126.31
9/22/2013,125.84
9/23/2013,126.13
9/24/2013,125.16
9/25/2013,125.92
9/26/2013,127.22
9/27/2013,127.68
9/28/2013,129.85
9/29/2013,132.96
9/30/2013,129.74
10/1/2013,129.84
10/2/2013,127.69
10/3/2013,111.32
10/4/2013,122.84
10/5/2013,126.11
10/6/2013,124.17
10/7/2013,125.45
10/8/2013,124.77
10/9/2013,127.2
10/10/2013,127.89
10/11/2013,129.28
10/12/2013,133.07
10/13/2013,132.18
10/14/2013,135.38
10/15/2013,138.33
10/16/2013,141.6
10/17/2013,146.54
10/18/2013,148.02
10/19/2013,158.35
10/20/2013,167.51
10/21/2013,171.37
10/22/2013,183.73
10/23/2013,195.52
10/24/2013,199.84
10/25/2013,185.46
10/26/2013,177.58
10/27/2013,186.44
10/28/2013,188.72
10/29/2013,195.37
10/30/2013,201.5
10/31/2013,198.65
11/1/2013,205.55
11/2/2013,203.25
11/3/2013,204.16
11/4/2013,212.03
11/5/2013,227.65
11/6/2013,260.9
11/7/2013,267.87
11/8/2013,294.77
11/9/2013,333.74
11/10/2013,338.13
11/11/2013,335.45
11/12/2013,340.03
11/13/2013,358.66
11/14/2013,406.2
11/15/2013,413.8
11/16/2013,456.96
11/17/2013,444.98
11/18/2013,504.52
11/19/2013,653.75
11/20/2013,545.07
11/21/2013,644.17
11/22/2013,694.61
11/23/2013,772.31
11/24/2013,768.95
11/25/2013,773.23
11/26/2013,853.12
11/27/2013,901.68
11/28/2013,963.83
11/29/2013,1049.35
11/30/2013,1102.54
12/1/2013,1094.99
12/2/2013,951.58
12/3/2013,1031.68
12/4/2013,1080.61
12/5/2013,1091.44
12/6/2013,992.26
12/7/2013,776.36
12/8/2013,730.1
12/9/2013,817.61
12/10/2013,897.54
12/11/2013,946.85
12/12/2013,873.03
12/13/2013,894.43
12/14/2013,881.59
12/15/2013,859.13
12/16/2013,808.14
12/17/2013,706.87
12/18/2013,623.38
12/19/2013,562.33
12/20/2013,694.1
12/21/2013,626.2
12/22/2013,624.07
12/23/2013,629.45
12/24/2013,663.41
12/25/2013,669.09
12/26/2013,702.13
12/27/2013,760.84
12/28/2013,734.62
12/29/2013,725.49
12/30/2013,742.42
12/31/2013,757.71
1/1/2014,760.91
1/2/2014,771.3
1/3/2014,811.47
1/4/2014,819.23
1/5/2014,864.65
1/6/2014,957.35
1/7/2014,939.27
1/8/2014,842.64
1/9/2014,843.84
1/10/2014,842.98
1/11/2014,888.05
1/12/2014,897.51
1/13/2014,857.75
1/14/2014,845.5
1/15/2014,834.26
1/16/2014,866.23
1/17/2014,845.19
1/18/2014,817.63
1/19/2014,837.4
1/20/2014,855.48
1/21/2014,874.82
1/22/2014,870.64
1/23/2014,853.58
1/24/2014,833.93
1/25/2014,805.12
1/26/2014,854.89
1/27/2014,887.98
1/28/2014,787.18
1/29/2014,825.6
1/30/2014,821.93
1/31/2014,822.31
2/1/2014,827.55
2/2/2014,846.43
2/3/2014,831.2
2/4/2014,809.57
2/5/2014,841.51
2/6/2014,815.39
2/7/2014,785.62
2/8/2014,715.76
2/9/2014,680.58
2/10/2014,687.89
2/11/2014,673.81
2/12/2014,662.36
2/13/2014,653.72
2/14/2014,614.82
2/15/2014,659.26
2/16/2014,648.36
2/17/2014,608.54
2/18/2014,624.95
2/19/2014,614.93
2/20/2014,622.34
2/21/2014,562.62
2/22/2014,568.16
2/23/2014,600.64
2/24/2014,594.46
2/25/2014,547.14
2/26/2014,529.19
2/27/2014,581
2/28/2014,579.03
3/1/2014,567.93
3/2/2014,565.62
3/3/2014,557.3
3/4/2014,662.28
3/5/2014,665
3/6/2014,655.51
3/7/2014,658.71
3/8/2014,627.36
3/9/2014,616.06
3/10/2014,637.04
3/11/2014,626.45
3/12/2014,629.08
3/13/2014,633.59
3/14/2014,639.1
3/15/2014,627.99
3/16/2014,629.35
3/17/2014,630.53
3/18/2014,622.9
3/19/2014,613.84
3/20/2014,610.04
3/21/2014,583.67
3/22/2014,578.36
3/23/2014,562.2
3/24/2014,564.25
3/25/2014,574.88
3/26/2014,563.9
3/27/2014,581.1
3/28/2014,512.9
3/29/2014,501.32
3/30/2014,497.05
3/31/2014,462.2
4/1/2014,457.6
4/2/2014,478.67
4/3/2014,449.1
4/4/2014,442.61
4/5/2014,447.95
4/6/2014,457.53
4/7/2014,460.37
4/8/2014,449.64
4/9/2014,450.79
4/10/2014,437.47
4/11/2014,386.66
4/12/2014,414.53
4/13/2014,422.03
4/14/2014,413.6
4/15/2014,465.45
4/16/2014,500.99
4/17/2014,518.77
4/18/2014,498.45
4/19/2014,481.16
4/20/2014,496.48
4/21/2014,498.76
4/22/2014,494.62
4/23/2014,489.03
4/24/2014,486.85
4/25/2014,481.38
4/26/2014,461.23
4/27/2014,457.93
4/28/2014,440.41
4/29/2014,439.29
4/30/2014,443.31
5/1/2014,446.22
5/2/2014,455.13
5/3/2014,448.08
5/4/2014,436.12
5/5/2014,434.63
5/6/2014,430.67
5/7/2014,427.55
5/8/2014,438.17
5/9/2014,438.25
5/10/2014,446.24
5/11/2014,451.43
5/12/2014,439.36
5/13/2014,438.87
5/14/2014,437.84
5/15/2014,443.26
5/16/2014,444.92
5/17/2014,446.33
5/18/2014,446.42
5/19/2014,444.9
5/20/2014,460.48
5/21/2014,478.49
5/22/2014,490.43
5/23/2014,517.66
5/24/2014,524.19
5/25/2014,535.36
5/26/2014,566.38
5/27/2014,581.56
5/28/2014,573.32
5/29/2014,571.84
5/30/2014,583.53
5/31/2014,607.55
6/1/2014,619.78
6/2/2014,637.66
6/3/2014,644.3
6/4/2014,660.72
6/5/2014,639.39
6/6/2014,654.25
6/7/2014,650.66
6/8/2014,652.67
6/9/2014,647.99
6/10/2014,649.14
6/11/2014,651.43
6/12/2014,637.21
6/13/2014,605.43
6/14/2014,593.12
6/15/2014,570.85
6/16/2014,576.37
6/17/2014,594.26
6/18/2014,602.02
6/19/2014,603.48
6/20/2014,599.77
6/21/2014,591.11
6/22/2014,591.8
6/23/2014,599.1
6/24/2014,587.56
6/25/2014,584.29
6/26/2014,566.76
6/27/2014,579.23
6/28/2014,596.02
6/29/2014,606.34
6/30/2014,596.2
7/1/2014,631.09
7/2/2014,646.47
7/3/2014,649.16
7/4/2014,638.62
7/5/2014,632.62
7/6/2014,629.67
7/7/2014,633.77
7/8/2014,623.46
7/9/2014,622.52
7/10/2014,623.51
7/11/2014,617.73
7/12/2014,628.09
7/13/2014,632.6
7/14/2014,625.94
7/15/2014,620.97
7/16/2014,621.6
7/17/2014,617.79
7/18/2014,621.45
7/19/2014,624.57
7/20/2014,627.44
7/21/2014,623.25
7/22/2014,620.22
7/23/2014,620.65
7/24/2014,612.94
7/25/2014,602.84
7/26/2014,600.16
7/27/2014,595.1
7/28/2014,592.2
7/29/2014,583.73
7/30/2014,582.82
7/31/2014,571
8/1/2014,578.48
8/2/2014,594.19
8/3/2014,587.64
8/4/2014,585.39
8/5/2014,587.23
8/6/2014,584.01
8/7/2014,583.18
8/8/2014,586.43
8/9/2014,590.94
8/10/2014,588.25
8/11/2014,589.48
8/12/2014,578.94
8/13/2014,555.19
8/14/2014,548.18
8/15/2014,515.44
8/16/2014,499.4
8/17/2014,510.15
8/18/2014,496.57
8/19/2014,465.59
8/20/2014,481.54
8/21/2014,504.05
8/22/2014,519.8
8/23/2014,512.16
8/24/2014,500.74
8/25/2014,507.97
8/26/2014,503.12
8/27/2014,510.97
8/28/2014,508.96
8/29/2014,509.12
8/30/2014,508.91
8/31/2014,502.63
9/1/2014,482.43
9/2/2014,478.48
9/3/2014,477.75
9/4/2014,476.97
9/5/2014,487.62
9/6/2014,483.33
9/7/2014,482.07
9/8/2014,482.93
9/9/2014,472.59
9/10/2014,470.93
9/11/2014,480.79
9/12/2014,475.53
9/13/2014,474.44
9/14/2014,478.16
9/15/2014,477.25
9/16/2014,473.9
9/17/2014,455.35
9/18/2014,454.89
9/19/2014,426.72
9/20/2014,398.59
9/21/2014,408.04
9/22/2014,402.66
9/23/2014,399.96
9/24/2014,425.2
9/25/2014,425.22
9/26/2014,410.39
9/27/2014,399.63
9/28/2014,400.86
9/29/2014,384.12
9/30/2014,376.68
10/1/2014,384.7
10/2/2014,373.14
10/3/2014,375.96
10/4/2014,362.11
10/5/2014,334.94
10/6/2014,315.09
10/7/2014,333.68
10/8/2014,331
10/9/2014,345.6
10/10/2014,366.31
10/11/2014,359.67
10/12/2014,366.33
10/13/2014,369.74
10/14/2014,383.29
10/15/2014,402.46
10/16/2014,392.54
10/17/2014,381.82
10/18/2014,380.69
10/19/2014,387.64
10/20/2014,388.46
10/21/2014,381.29
10/22/2014,378.31
10/23/2014,381.92
10/24/2014,362.39
10/25/2014,356.69
10/26/2014,348.43
10/27/2014,350.32
10/28/2014,352.32
10/29/2014,353.86
10/30/2014,340.2
10/31/2014,342.12
11/1/2014,336.23
11/2/2014,326.35
11/3/2014,324.45
11/4/2014,326.45
11/5/2014,327.98
11/6/2014,341.03
11/7/2014,346.86
11/8/2014,342.99
11/9/2014,344.23
11/10/2014,357.54
11/11/2014,374.76
11/12/2014,366.74
11/13/2014,413.77
11/14/2014,418.8
11/15/2014,396.8
11/16/2014,379.74
11/17/2014,386.74
11/18/2014,388.9
11/19/2014,376.57
11/20/2014,376.93
11/21/2014,361.7
11/22/2014,351.01
11/23/2014,355.25
11/24/2014,363.06
11/25/2014,378.3
11/26/2014,377.93
11/27/2014,369.61
11/28/2014,369.79
11/29/2014,375.03
11/30/2014,376.28
12/1/2014,377.59
12/2/2014,379.24
12/3/2014,381.39
12/4/2014,377.54
12/5/2014,372.21
12/6/2014,372.56
12/7/2014,375.12
12/8/2014,375.34
12/9/2014,365.7
12/10/2014,352.35
12/11/2014,348.02
12/12/2014,349.98
12/13/2014,352.15
12/14/2014,347.43
12/15/2014,351.11
12/16/2014,340.24
12/17/2014,330.69
12/18/2014,320.79
12/19/2014,312.43
12/20/2014,314.99
12/21/2014,326.96
12/22/2014,322.57
12/23/2014,330.07
12/24/2014,334.74
12/25/2014,325.19
12/26/2014,318.48
12/27/2014,326.1
12/28/2014,316.53
12/29/2014,316.67
12/30/2014,314.42
12/31/2014,309.81
1/1/2015,316.9
1/2/2015,315.23
1/3/2015,315.03
1/4/2015,293.11
1/5/2015,271.68
1/6/2015,271.39
1/7/2015,282.85
1/8/2015,293.46
1/9/2015,287.17
1/10/2015,278.13
1/11/2015,277.14
1/12/2015,268.93
1/13/2015,268.91
1/14/2015,234.63
1/15/2015,192.13
1/16/2015,208.79
1/17/2015,208.81
1/18/2015,200.21
1/19/2015,209.06
1/20/2015,215.72
1/21/2015,211.52
1/22/2015,220
1/23/2015,232.36
1/24/2015,232.38
1/25/2015,246.29
1/26/2015,250.55
1/27/2015,273.97
1/28/2015,261.86
1/29/2015,240.7
1/30/2015,232.02
1/31/2015,228.99
2/1/2015,223.65
2/2/2015,223.54
2/3/2015,230.6
2/4/2015,229.09
2/5/2015,226.62
2/6/2015,218.86
2/7/2015,222.08
2/8/2015,227.2
2/9/2015,223.57
2/10/2015,220.59
2/11/2015,219.78
2/12/2015,220.27
2/13/2015,221.35
2/14/2015,236.64
2/15/2015,251.7
2/16/2015,239.64
2/17/2015,234.86
2/18/2015,241.45
2/19/2015,237.79
2/20/2015,239.72
2/21/2015,243
2/22/2015,244.41
2/23/2015,237.8
2/24/2015,239.13
2/25/2015,238.4
2/26/2015,237.49
2/27/2015,236.25
2/28/2015,252.63
3/1/2015,257.25
3/2/2015,253.49
3/3/2015,267.96
3/4/2015,279.85
3/5/2015,275.94
3/6/2015,273.65
3/7/2015,273.22
3/8/2015,275.99
3/9/2015,275.01
3/10/2015,286.53
3/11/2015,292.42
3/12/2015,295.09
3/13/2015,294.94
3/14/2015,287.83
3/15/2015,282.82
3/16/2015,282.14
3/17/2015,290.83
3/18/2015,287.38
3/19/2015,265.06
3/20/2015,258.2
3/21/2015,260.33
3/22/2015,259.99
3/23/2015,265.45
3/24/2015,265.95
3/25/2015,250.16
3/26/2015,246.17
3/27/2015,249.6
3/28/2015,247.5
3/29/2015,252.13
3/30/2015,243.86
3/31/2015,247.6
4/1/2015,244.67
4/2/2015,245.31
4/3/2015,251.39
4/4/2015,253.7
4/5/2015,253.04
4/6/2015,257.89
4/7/2015,255.91
4/8/2015,254.27
4/9/2015,246.78
4/10/2015,240.83
4/11/2015,236.57
4/12/2015,236.38
4/13/2015,236.41
4/14/2015,227.79
4/15/2015,220.4
4/16/2015,222.02
4/17/2015,228.26
4/18/2015,223.66
4/19/2015,223.03
4/20/2015,225.62
4/21/2015,224.39
4/22/2015,229.94
4/23/2015,235.37
4/24/2015,235.27
4/25/2015,229.53
4/26/2015,227.86
4/27/2015,218.85
4/28/2015,224.7
4/29/2015,225.68
4/30/2015,228.85
5/1/2015,235.08
5/2/2015,234.19
5/3/2015,235.37
5/4/2015,240.72
5/5/2015,238.75
5/6/2015,236.09
5/7/2015,233.32
5/8/2015,235.98
5/9/2015,242.98
5/10/2015,241.63
5/11/2015,240.85
5/12/2015,242.35
5/13/2015,241.84
5/14/2015,240.56
5/15/2015,238.53
5/16/2015,237.88
5/17/2015,236.94
5/18/2015,237.05
5/19/2015,235.09
5/20/2015,234.29
5/21/2015,234.42
5/22/2015,235.84
5/23/2015,239.64
5/24/2015,239.79
5/25/2015,240.56
5/26/2015,237.99
5/27/2015,237.61
5/28/2015,237.62
5/29/2015,237.88
5/30/2015,235.22
5/31/2015,233.87
6/1/2015,231.75
6/2/2015,224.65
6/3/2015,225.62
6/4/2015,226.09
6/5/2015,225.45
6/6/2015,225.47
6/7/2015,226.07
6/8/2015,224.38
6/9/2015,228.58
6/10/2015,230.18
6/11/2015,229.69
6/12/2015,230.41
6/13/2015,231.01
6/14/2015,234.94
6/15/2015,234.14
6/16/2015,236.98
6/17/2015,246.68
6/18/2015,250.58
6/19/2015,248.16
6/20/2015,246.24
6/21/2015,244.8
6/22/2015,244.19
6/23/2015,246.66
6/24/2015,244.9
6/25/2015,242.2
6/26/2015,243.07
6/27/2015,242.98
6/28/2015,249
6/29/2015,251.31
6/30/2015,254.95
7/1/2015,262.37
7/2/2015,259
7/3/2015,256.05
7/4/2015,258.58
7/5/2015,259.03
7/6/2015,268.72
7/7/2015,271.16
7/8/2015,266.53
7/9/2015,274.68
7/10/2015,269.38
7/11/2015,285.13
7/12/2015,292.12
7/13/2015,307.26
7/14/2015,289.22
7/15/2015,289.16
7/16/2015,288.1
7/17/2015,279.14
7/18/2015,278.05
7/19/2015,275.93
7/20/2015,273.69
7/21/2015,277.54
7/22/2015,277.66
7/23/2015,276.76
7/24/2015,280.17
7/25/2015,286.01
7/26/2015,288.34
7/27/2015,291.47
7/28/2015,292.7
7/29/2015,291.9
7/30/2015,290.83
7/31/2015,287.88
8/1/2015,285.02
8/2/2015,281.18
8/3/2015,281.43
8/4/2015,282.55
8/5/2015,284.78
8/6/2015,282.66
8/7/2015,279.43
8/8/2015,275.92
8/9/2015,267.89
8/10/2015,264.02
8/11/2015,264.33
8/12/2015,268.01
8/13/2015,266.05
8/14/2015,264.91
8/15/2015,265.8
8/16/2015,263.84
8/17/2015,258.76
8/18/2015,252.11
8/19/2015,241.71
8/20/2015,230.14
8/21/2015,234.01
8/22/2015,233.09
8/23/2015,227.41
8/24/2015,228.45
8/25/2015,215.25
8/26/2015,219.01
8/27/2015,226.32
8/28/2015,226.6
8/29/2015,230.39
8/30/2015,230.08
8/31/2015,228.79
9/1/2015,230.45
9/2/2015,229.36
9/3/2015,229.03
9/4/2015,228.22
9/5/2015,230.52
9/6/2015,234.14
9/7/2015,240.17
9/8/2015,240.43
9/9/2015,243.59
9/10/2015,240.26
9/11/2015,239.02
9/12/2015,238.35
9/13/2015,236.7
9/14/2015,231.66
9/15/2015,230.23
9/16/2015,230.4
9/17/2015,229.78
9/18/2015,233.01
9/19/2015,233.06
9/20/2015,232.09
9/21/2015,231.68
9/22/2015,229.18
9/23/2015,230.49
9/24/2015,230.88
9/25/2015,234.34
9/26/2015,235.38
9/27/2015,235.73
9/28/2015,233.55
9/29/2015,238.39
9/30/2015,237.95
10/1/2015,237.2
10/2/2015,238.9
10/3/2015,237.91
10/4/2015,239.33
10/5/2015,239.55
10/6/2015,240.01
10/7/2015,245.88
10/8/2015,244.84
10/9/2015,243.91
10/10/2015,244.77
10/11/2015,245.82
10/12/2015,249.43
10/13/2015,246.25
10/14/2015,249.49
10/15/2015,253.14
10/16/2015,255.27
10/17/2015,264.73
10/18/2015,269.65
10/19/2015,264.74
10/20/2015,264.43
10/21/2015,270.15
10/22/2015,272.37
10/23/2015,273.89
10/24/2015,277.57
10/25/2015,281.75
10/26/2015,288.55
10/27/2015,293.23
10/28/2015,294.32
10/29/2015,302.13
10/30/2015,311.67
10/31/2015,326.27
11/1/2015,334.23
11/2/2015,320.98
11/3/2015,347.73
11/4/2015,392.01
11/5/2015,438.82
11/6/2015,393.37
11/7/2015,372.47
11/8/2015,384.45
11/9/2015,379.37
11/10/2015,378.42
11/11/2015,346.11
11/12/2015,314.08
11/13/2015,330.86
11/14/2015,334.88
11/15/2015,333.9
11/16/2015,325.14
11/17/2015,327.75
11/18/2015,335.44
11/19/2015,334.99
11/20/2015,329.2
11/21/2015,321.77
11/22/2015,326.15
11/23/2015,323.97
11/24/2015,323.24
11/25/2015,321.26
11/26/2015,335.8
11/27/2015,347.14
11/28/2015,357.35
11/29/2015,356.8
11/30/2015,366.64
12/1/2015,373.97
12/2/2015,364.56
12/3/2015,358.25
12/4/2015,362.24
12/5/2015,362.1
12/6/2015,388.16
12/7/2015,392.95
12/8/2015,394.58
12/9/2015,404.63
12/10/2015,416.85
12/11/2015,423.3
12/12/2015,444.94
12/13/2015,431.9
12/14/2015,436.16
12/15/2015,442.7
12/16/2015,461.23
12/17/2015,455.18
12/18/2015,454.77
12/19/2015,461.99
12/20/2015,461.95
12/21/2015,447.36
12/22/2015,437.06
12/23/2015,437.05
12/24/2015,442.7
12/25/2015,454.47
12/26/2015,446.76
12/27/2015,422.72
12/28/2015,420.68
12/29/2015,422.21
12/30/2015,429.29
12/31/2015,428.74
1/1/2016,428.85
1/2/2016,433.36
1/3/2016,433.36
1/4/2016,428.82
1/5/2016,435.9
1/6/2016,432.62
1/7/2016,430.49
1/8/2016,454.29
1/9/2016,453.71
1/10/2016,447.46
1/11/2016,447.29
1/12/2016,448.09
1/13/2016,442.4
1/14/2016,430.24
1/15/2016,416.78
1/16/2016,380.95
1/17/2016,381.85
1/18/2016,383.97
1/19/2016,384.97
1/20/2016,384.51
1/21/2016,409.94
1/22/2016,406.89
1/23/2016,386.5
1/24/2016,391.01
1/25/2016,400.44
1/26/2016,393.52
1/27/2016,393.96
1/28/2016,392.71
1/29/2016,381.27
1/30/2016,378.36
1/31/2016,378.5
2/1/2016,374.88
2/2/2016,373.13
2/3/2016,374.48
2/4/2016,373.58
2/5/2016,386.49
2/6/2016,384.98
2/7/2016,377.2
2/8/2016,376.51
2/9/2016,374.29
2/10/2016,375.99
2/11/2016,380.99
2/12/2016,379.23
2/13/2016,385.62
2/14/2016,394.46
2/15/2016,404.94
2/16/2016,403.65
2/17/2016,409.41
2/18/2016,418.71
2/19/2016,421.63
2/20/2016,423.68
2/21/2016,437.93
2/22/2016,439.65
2/23/2016,436.45
2/24/2016,423.36
2/25/2016,424.75
2/26/2016,424.8
2/27/2016,429.78
2/28/2016,432.82
2/29/2016,435.08
3/1/2016,437.51
3/2/2016,434.55
3/3/2016,427.17
3/4/2016,420.8
3/5/2016,412.45
3/6/2016,402.65
3/7/2016,407.74
3/8/2016,413.29
3/9/2016,413.25
3/10/2016,413.98
3/11/2016,417.69
3/12/2016,419.3
3/13/2016,413.29
3/14/2016,414.15
3/15/2016,415.69
3/16/2016,416.77
3/17/2016,417.92
3/18/2016,418.18
3/19/2016,409.92
3/20/2016,409.34
3/21/2016,411.86
3/22/2016,412.92
3/23/2016,417.59
3/24/2016,417.98
3/25/2016,416.66
3/26/2016,417.48
3/27/2016,418.81
3/28/2016,424.96
3/29/2016,422.26
3/30/2016,416.09
3/31/2016,414.15
4/1/2016,416.24
4/2/2016,417.55
4/3/2016,419.67
4/4/2016,419.65
4/5/2016,420.1
4/6/2016,422.4
4/7/2016,422.05
4/8/2016,421.8
4/9/2016,419.27
4/10/2016,418.68
4/11/2016,421.14
4/12/2016,423.21
4/13/2016,425.64
4/14/2016,424.27
4/15/2016,425.59
4/16/2016,430.05
4/17/2016,430.95
4/18/2016,428.62
4/19/2016,429.08
4/20/2016,435.11
4/21/2016,441.91
4/22/2016,448.44
4/23/2016,447.37
4/24/2016,451.34
4/25/2016,459.43
4/26/2016,462.29
4/27/2016,465.64
4/28/2016,449.52
4/29/2016,448.45
4/30/2016,454.02
5/1/2016,449.95
5/2/2016,450.76
5/3/2016,445.11
5/4/2016,449.21
5/5/2016,447.35
5/6/2016,449.21
5/7/2016,457.04
5/8/2016,459.48
5/9/2016,459.14
5/10/2016,460.46
5/11/2016,453.25
5/12/2016,452.83
5/13/2016,454.16
5/14/2016,456
5/15/2016,456.43
5/16/2016,458.46
5/17/2016,454.84
5/18/2016,454.47
5/19/2016,454.04
5/20/2016,442.93
5/21/2016,443
5/22/2016,443.52
5/23/2016,440.85
5/24/2016,444.24
5/25/2016,447.5
5/26/2016,450.46
5/27/2016,458.82
5/28/2016,480.71
5/29/2016,519.5
5/30/2016,533.44
5/31/2016,536.13
6/1/2016,532.91
6/2/2016,536.41
6/3/2016,541.83
6/4/2016,568.92
6/5/2016,574.1
6/6/2016,577.44
6/7/2016,584.11
6/8/2016,578.53
6/9/2016,580.91
6/10/2016,577.38
6/11/2016,580.7
6/12/2016,609.23
6/13/2016,666.1
6/14/2016,695.99
6/15/2016,685.76
6/16/2016,703.27
6/17/2016,756.96
6/18/2016,749.43
6/19/2016,758.16
6/20/2016,760.72
6/21/2016,726.2
6/22/2016,664.82
6/23/2016,615
6/24/2016,623.81
6/25/2016,663.66
6/26/2016,659.88
6/27/2016,633.42
6/28/2016,649.79
6/29/2016,644.97
6/30/2016,641.99
7/1/2016,670.4
7/2/2016,678.97
7/3/2016,693.16
7/4/2016,665.83
7/5/2016,675.93
7/6/2016,670.73
7/7/2016,668.43
7/8/2016,639.53
7/9/2016,656.05
7/10/2016,648.43
7/11/2016,648.54
7/12/2016,650.82
7/13/2016,663.68
7/14/2016,657.95
7/15/2016,660.7
7/16/2016,664.16
7/17/2016,665.75
7/18/2016,677.95
7/19/2016,673.77
7/20/2016,671.58
7/21/2016,666.01
7/22/2016,663.35
7/23/2016,653.96
7/24/2016,654.82
7/25/2016,659.19
7/26/2016,654.34
7/27/2016,652.15
7/28/2016,654.89
7/29/2016,655.8
7/30/2016,656.77
7/31/2016,650.56
8/1/2016,627.19
8/2/2016,608.86
8/3/2016,561.26
8/4/2016,563.07
8/5/2016,573.72
8/6/2016,573.62
8/7/2016,585.3
8/8/2016,591.09
8/9/2016,589.47
8/10/2016,586.74
8/11/2016,593.06
8/12/2016,589.23
8/13/2016,586.74
8/14/2016,583.75
8/15/2016,571.4
8/16/2016,568.61
8/17/2016,575.18
8/18/2016,572.87
8/19/2016,573.67
8/20/2016,575.09
8/21/2016,580.42
8/22/2016,581.42
8/23/2016,584.55
8/24/2016,581.99
8/25/2016,578.49
8/26/2016,576.11
8/27/2016,576.8
8/28/2016,570.15
8/29/2016,573.09
8/30/2016,574.39
8/31/2016,576.07
9/1/2016,573.29
9/2/2016,572.76
9/3/2016,575.56
9/4/2016,594.74
9/5/2016,608.02
9/6/2016,607.17
9/7/2016,610.42
9/8/2016,615.4
9/9/2016,623.76
9/10/2016,622.15
9/11/2016,622.29
9/12/2016,609.66
9/13/2016,607.07
9/14/2016,609.27
9/15/2016,609.1
9/16/2016,607
9/17/2016,607.16
9/18/2016,606.6
9/19/2016,609.46
9/20/2016,608.92
9/21/2016,602.68
9/22/2016,596.37
9/23/2016,596.34
9/24/2016,600.93
9/25/2016,600.97
9/26/2016,601.05
9/27/2016,606
9/28/2016,605.04
9/29/2016,604.29
9/30/2016,605.28
10/1/2016,608.21
10/2/2016,613.11
10/3/2016,610.33
10/4/2016,611.83
10/5/2016,610.27
10/6/2016,611.69
10/7/2016,612.34
10/8/2016,616.53
10/9/2016,617.46
10/10/2016,615.92
10/11/2016,621.1
10/12/2016,638.59
10/13/2016,637.22
10/14/2016,636.96
10/15/2016,639.45
10/16/2016,639.44
10/17/2016,641.09
10/18/2016,638.6
10/19/2016,635.85
10/20/2016,629.88
10/21/2016,630.08
10/22/2016,634.82
10/23/2016,654.05
10/24/2016,654.27
10/25/2016,653.58
10/26/2016,658.22
10/27/2016,676.93
10/28/2016,686.52
10/29/2016,693.55
10/30/2016,712.68
10/31/2016,703.13
11/1/2016,706.55
11/2/2016,729.04
11/3/2016,734.42
11/4/2016,699.55
11/5/2016,700.93
11/6/2016,705.95
11/7/2016,709.35
11/8/2016,706.28
11/9/2016,713.46
11/10/2016,723.19
11/11/2016,716.1
11/12/2016,715.56
11/13/2016,704.13
11/14/2016,702.71
11/15/2016,707.86
11/16/2016,718.43
11/17/2016,744.33
11/18/2016,745.91
11/19/2016,751.72
11/20/2016,751.6
11/21/2016,732.22
11/22/2016,738.53
11/23/2016,746.4
11/24/2016,741.43
11/25/2016,736.84
11/26/2016,737.08
11/27/2016,732.94
11/28/2016,731
11/29/2016,732.66
11/30/2016,734
12/1/2016,743.7
12/2/2016,756.81
12/3/2016,770.05
12/4/2016,765.82
12/5/2016,764.46
12/6/2016,754.05
12/7/2016,759.35
12/8/2016,765.8
12/9/2016,768.6
12/10/2016,771.74
12/11/2016,771.81
12/12/2016,770.1
12/13/2016,777.76
12/14/2016,778.03
12/15/2016,777.17
12/16/2016,777.63
12/17/2016,782.79
12/18/2016,788.14
12/19/2016,789.11
12/20/2016,790.75
12/21/2016,799.83
12/22/2016,832.92
12/23/2016,867.8
12/24/2016,908.24
12/25/2016,892.53
12/26/2016,891.95
12/27/2016,906.13
12/28/2016,934.96
12/29/2016,971.26
12/30/2016,966.64
12/31/2016,959.17
1/1/2017,967.6
1/2/2017,998.47
1/3/2017,1018.93
1/4/2017,1042.13
1/5/2017,1069.46
1/6/2017,992.45
1/7/2017,898.86
1/8/2017,899.39
1/9/2017,905.82
1/10/2017,897.35
1/11/2017,905.32
1/12/2017,797.6
1/13/2017,801.07
1/14/2017,821.27
1/15/2017,822.58
1/16/2017,818.98
1/17/2017,829.9
1/18/2017,896.46
1/19/2017,881.82
1/20/2017,898.68
1/21/2017,895.04
1/22/2017,921.48
1/23/2017,923.12
1/24/2017,914.3
1/25/2017,895.79
1/26/2017,894.56
1/27/2017,912.27
1/28/2017,917.55
1/29/2017,919.37
1/30/2017,913.77
1/31/2017,919.74
2/1/2017,957.02
2/2/2017,979.44
2/3/2017,1007.74
2/4/2017,1015.85
2/5/2017,1029.74
2/6/2017,1014.3
2/7/2017,1027.61
2/8/2017,1052.05
2/9/2017,1053.24
2/10/2017,979.24
2/11/2017,988.37
2/12/2017,1006
2/13/2017,999.5
2/14/2017,996.44
2/15/2017,1007.11
2/16/2017,1005.64
2/17/2017,1035.36
2/18/2017,1053.75
2/19/2017,1057.42
2/20/2017,1050.18
2/21/2017,1075.77
2/22/2017,1119.49
2/23/2017,1124.24
2/24/2017,1166.59
2/25/2017,1180.2
2/26/2017,1155.41
2/27/2017,1171.8
2/28/2017,1189.75
3/1/2017,1190.78
3/2/2017,1220.69
3/3/2017,1254.34
3/4/2017,1283.18
3/5/2017,1266.32
3/6/2017,1269.77
3/7/2017,1277.18
3/8/2017,1241.31
3/9/2017,1162.5
3/10/2017,1189.32
3/11/2017,1168.54
3/12/2017,1174.23
3/13/2017,1218.8
3/14/2017,1235.7
3/15/2017,1243.19
3/16/2017,1253.64
3/17/2017,1188.47
3/18/2017,1097.86
3/19/2017,992.72
3/20/2017,1022.5
3/21/2017,1040.55
3/22/2017,1106.7
3/23/2017,1038.95
3/24/2017,1035.41
3/25/2017,957.65
3/26/2017,952.68
3/27/2017,969.14
3/28/2017,1026.35
3/29/2017,1040.31
3/30/2017,1037.62
3/31/2017,1036.26
4/1/2017,1071.48
4/2/2017,1085.68
4/3/2017,1096.49
4/4/2017,1143.25
4/5/2017,1141.36
4/6/2017,1132.11
4/7/2017,1182.22
4/8/2017,1191.87
4/9/2017,1184.14
4/10/2017,1205.29
4/11/2017,1210.73
4/12/2017,1221.11
4/13/2017,1217.87
4/14/2017,1180
4/15/2017,1183.99
4/16/2017,1184.81
4/17/2017,1189.64
4/18/2017,1202.6
4/19/2017,1225.09
4/20/2017,1220.89
4/21/2017,1246.95
4/22/2017,1253.9
4/23/2017,1256.99
4/24/2017,1257.14
4/25/2017,1257.79
4/26/2017,1275.97
4/27/2017,1300.72
4/28/2017,1332.63
4/29/2017,1331.93
4/30/2017,1345.21
5/1/2017,1354.21
5/2/2017,1419.6
5/3/2017,1458.51
5/4/2017,1502.55
5/5/2017,1544.1
5/6/2017,1525.61
5/7/2017,1557.53
5/8/2017,1561.38
5/9/2017,1642.64
5/10/2017,1726.86
5/11/2017,1762.71
5/12/2017,1819.41
5/13/2017,1692.17
5/14/2017,1760.03
5/15/2017,1777.28
5/16/2017,1715.82
5/17/2017,1739.92
5/18/2017,1813.39
5/19/2017,1887.5
5/20/2017,1956.63
5/21/2017,2039.08
5/22/2017,2040.21
5/23/2017,2144.5
5/24/2017,2268.61
5/25/2017,2446.23
5/26/2017,2371.91
5/27/2017,2190.33
5/28/2017,2059.53
5/29/2017,2159.79
5/30/2017,2269.87
5/31/2017,2199.49
6/1/2017,2308.08
6/2/2017,2410.23
6/3/2017,2475.83
6/4/2017,2535.45
6/5/2017,2531.68
6/6/2017,2686.69
6/7/2017,2873.92
6/8/2017,2712.76
6/9/2017,2795.43
6/10/2017,2822.56
6/11/2017,2897.36
6/12/2017,2975.06
6/13/2017,2599.09
6/14/2017,2720.31
6/15/2017,2486.74
6/16/2017,2390.09
6/17/2017,2496.72
6/18/2017,2642.5
6/19/2017,2535.85
6/20/2017,2606.43
6/21/2017,2749.84
6/22/2017,2670.47
6/23/2017,2714.27
6/24/2017,2718.16
6/25/2017,2573.94
6/26/2017,2533.68
6/27/2017,2412.9
6/28/2017,2516.81
6/29/2017,2553.2
6/30/2017,2546.49
7/1/2017,2483.5
7/2/2017,2419.08
7/3/2017,2498.3
7/4/2017,2554.45
7/5/2017,2592.27
7/6/2017,2615.64
7/7/2017,2597.26
7/8/2017,2502.91
7/9/2017,2555.82
7/10/2017,2519.9
7/11/2017,2355.84
7/12/2017,2307.77
7/13/2017,2387.18
7/14/2017,2335.12
7/15/2017,2207.39
7/16/2017,2018.56
7/17/2017,1910.74
7/18/2017,2186.44
7/19/2017,2324.21
7/20/2017,2266.1
7/21/2017,2757.24
7/22/2017,2656.16
7/23/2017,2823.79
7/24/2017,2757.3
7/25/2017,2755.6
7/26/2017,2537.31
7/27/2017,2513.18
7/28/2017,2686.49
7/29/2017,2786.1
7/30/2017,2722.54
7/31/2017,2744.35
8/1/2017,2839.18
8/2/2017,2739.62
8/3/2017,2709.04
8/4/2017,2797.9
8/5/2017,2863.03
8/6/2017,3278.08
8/7/2017,3247.63
8/8/2017,3394.42
8/9/2017,3418.58
8/10/2017,3353.59
8/11/2017,3426.56
8/12/2017,3633.9
8/13/2017,3892.27
8/14/2017,4073.66
8/15/2017,4292.2
8/16/2017,4140.85
8/17/2017,4375.24
8/18/2017,4283.55
8/19/2017,4103.82
8/20/2017,4145.42
8/21/2017,4101.29
8/22/2017,4016.63
8/23/2017,4106.26
8/24/2017,4162.99
8/25/2017,4310.29
8/26/2017,4374.7
8/27/2017,4354.81
8/28/2017,4358.25
8/29/2017,4392.05
8/30/2017,4602.79
8/31/2017,4591.82
9/1/2017,4744.69
9/2/2017,4912.84
9/3/2017,4591.78
9/4/2017,4594.15
9/5/2017,4253.94
9/6/2017,4414.4
9/7/2017,4598.57
9/8/2017,4622.97
9/9/2017,4303.02
9/10/2017,4283.53
9/11/2017,4234.37
9/12/2017,4201.06
9/13/2017,4145.49
9/14/2017,3836.92
9/15/2017,3299.19
9/16/2017,3688.98
9/17/2017,3689.4
9/18/2017,3702.57
9/19/2017,4061.73
9/20/2017,3906.99
9/21/2017,3899.36
9/22/2017,3619.53
9/23/2017,3599.27
9/24/2017,3771.92
9/25/2017,3664.88
9/26/2017,3924.17
9/27/2017,3892.88
9/28/2017,4193.75
9/29/2017,4178.37
9/30/2017,4164.54
10/1/2017,4348.09
10/2/2017,4372.26
10/3/2017,4394.02
10/4/2017,4306.58
10/5/2017,4214.6
10/6/2017,4321.89
10/7/2017,4358.79
10/8/2017,4412.17
10/9/2017,4592.29
10/10/2017,4774.47
10/11/2017,4794.91
10/12/2017,4906.84
10/13/2017,5459.5
10/14/2017,5627.23
10/15/2017,5765.86
10/16/2017,5647.47
10/17/2017,5743.45
10/18/2017,5594.47
10/19/2017,5495.7
10/20/2017,5683.66
10/21/2017,5989.8
10/22/2017,6020.3
10/23/2017,5937.62
10/24/2017,5879.95
10/25/2017,5577.92
10/26/2017,5694.34
10/27/2017,5885.37
10/28/2017,5764.85
10/29/2017,5735.73
10/30/2017,6111.17
10/31/2017,6120.82
11/1/2017,6404.92
11/2/2017,6709.49
11/3/2017,6978.53
11/4/2017,7201.52
11/5/2017,7379.54
11/6/2017,7424.23
11/7/2017,7007.85
11/8/2017,7080.14
11/9/2017,7365.18
11/10/2017,7164.93
11/11/2017,6545.88
11/12/2017,6295.68
11/13/2017,5953.76
11/14/2017,6475.15
11/15/2017,6607.45
11/16/2017,7264.52
11/17/2017,7819.38
11/18/2017,7706.59
11/19/2017,7761.98
11/20/2017,8040.05
11/21/2017,8233.46
11/22/2017,8120.11
11/23/2017,8219.51
11/24/2017,8051.32
11/25/2017,8216.59
11/26/2017,8730.57
11/27/2017,9305.8
11/28/2017,9642.59
11/29/2017,9907.62
11/30/2017,9772.29
12/1/2017,9858.82
12/2/2017,10772.12
12/3/2017,10908.85
12/4/2017,11373.09
12/5/2017,11491.09
12/6/2017,11716.71
12/7/2017,13442.23
12/8/2017,16219.12
12/9/2017,15653.64
12/10/2017,14486.62
12/11/2017,15230.39
12/12/2017,16803.56
12/13/2017,17284.59
12/14/2017,16316.95
12/15/2017,16525.63
12/16/2017,17575.08
12/17/2017,19193.72
12/18/2017,18987.29
12/19/2017,18936.21
12/20/2017,17534.59
12/21/2017,16496.8
12/22/2017,15695.79
12/23/2017,14048.59
12/24/2017,14436.77
12/25/2017,13969.42
12/26/2017,13927.91
12/27/2017,15661.17
12/28/2017,15417.13
12/29/2017,14438.05
12/30/2017,14437.32
12/31/2017,12618.55
1/1/2018,13805.34
1/2/2018,13458.79
1/3/2018,14755.98
1/4/2018,15139.61
1/5/2018,15134.61
1/6/2018,16880.48
1/7/2018,17095.19
1/8/2018,16083.1
1/9/2018,14951.05
1/10/2018,14407.21
1/11/2018,14881.95
1/12/2018,13138.43
1/13/2018,13874.01
1/14/2018,14191.06
1/15/2018,13623.61
1/16/2018,13571.21
1/17/2018,11504.56
1/18/2018,11033.58
1/19/2018,11274.29
1/20/2018,11561.56
1/21/2018,12739.89
1/22/2018,11553.79
1/23/2018,10797.45
1/24/2018,10854.93
1/25/2018,11382.11
1/26/2018,11141.34
1/27/2018,11122.14
1/28/2018,11417.62
1/29/2018,11677.52
1/30/2018,11157.56
1/31/2018,9976.43
2/1/2018,10162.78
2/2/2018,9002.8
2/3/2018,8822.06
2/4/2018,9184.39
2/5/2018,8242.03
2/6/2018,7003.06
2/7/2018,7744.27
2/8/2018,7655.3
2/9/2018,8218.58
2/10/2018,8750.99
2/11/2018,8508.35
2/12/2018,8094.53
2/13/2018,8897.55
2/14/2018,8528.87
2/15/2018,9443.91
2/16/2018,10033.82
2/17/2018,10146.78
2/18/2018,11083.01
2/19/2018,10413.23
2/20/2018,11167.99
2/21/2018,11166.86
2/22/2018,10405.73
2/23/2018,9751.88
2/24/2018,10154.74
2/25/2018,9647.38
2/26/2018,9589.72
2/27/2018,10319.77
2/28/2018,10570.91
3/1/2018,10285.33
3/2/2018,10913.05
3/3/2018,11038.13
3/4/2018,11423.62
3/5/2018,11464.59
3/6/2018,11392.99
3/7/2018,10722.96
3/8/2018,9910.96
3/9/2018,9323.68
3/10/2018,9277.5
3/11/2018,8764.24
3/12/2018,9546.36
3/13/2018,9104.62
3/14/2018,9168.13
3/15/2018,8218.92
3/16/2018,8285.09
3/17/2018,8273.12
